Run,Time_seconds
1,0.10880315800000062
2,0.10784190300000773
3,0.10584569899999963
4,0.10901459599999441
5,0.10456865499999424
6,0.11120500799999888
7,0.1066252239999983
8,0.11160840200000166
9,0.11149975600000062
10,0.1062689170000084
11,0.10390205800000274
12,0.10357912200001351
13,0.1070279790000086
14,0.09804764900000862
15,0.05794234500000073
16,0.05861674599999844
17,0.06037990000000093
18,0.0578969240000049
19,0.057942509000000086
20,0.05972022800000332
