Run,Time_seconds
1,0.034753757999993695
2,0.034280275000000415
3,0.033636977000000456
4,0.04107825799999887
5,0.043412005000007525
6,0.03930812600000877
7,0.03418410499999425
8,0.03427715099999773
9,0.03493391300000326
10,0.03544134000000554
11,0.03508783499999879
12,0.035304656000008094
13,0.039216456999994875
14,0.034448231999988366
15,0.03508300299999689
16,0.033815817000004245
17,0.03521738199999902
18,0.03523778199999583
19,0.033973834000008196
20,0.03566881900000851
