Run,Time_seconds
1,0.5212740260000004
2,0.5144581340000087
3,0.5236234230000036
4,0.5093663410000033
5,0.5226233780000058
6,0.511025145000005
7,0.5267224420000076
8,0.5211972240000051
9,0.5213104700000031
10,0.5045372670000035
11,0.7184829579999956
12,0.9361344150000122
13,0.9146719590000032
14,0.6453443700000037
15,0.5118092370000085
16,0.514278960999988
17,0.5168276619999972
18,0.5043042450000002
19,0.5166926679999904
20,0.505868200000009
