Run,Time_seconds
1,0.35950653900000873
2,0.2761025660000058
3,0.251448443000001
4,0.2486342849999943
5,0.295376945000001
6,0.32802899000000707
7,0.3027023000000071
8,0.2844986009999957
9,0.3881433739999949
10,0.2530716880000057
11,0.2524178630000051
12,0.26302515599999765
13,0.2482953969999926
14,0.24731894999999327
15,0.2529684449999934
16,0.2526138529999997
17,0.38412543299999413
18,0.2579726919999956
19,0.28551075499999
20,0.4870894820000018
